Tlalpan,Acanceh,Tekit,14714
Tlalpan,Acazacatongo, Acazacatongo,14714
Tlalpan,Acueducto 1ra. Sección,Escollo,14714
Tlalpan,Área de los Venados (La SIREFA),Uxmal,14700
Tlalpan,Arenitas,Granada,14906
Tlalpan,Cañada del Acueducto,Iglesias,14714
Tlalpan,Cansacaballos,Villa Ahumada,14714
Tlalpan,Casa Solar,Loma Bonita,14714
Tlalpan,Arboledas del Sur,Japeto,14376
Tlalpan,Belisario domínguez,Roque Estrada,14310
Tlalpan, Belisario Domínguez Sección XVI,Jardín,14080
Tlalpan,Ex Hacienda Coapa,Carrizal,14308
Tlalpan,Fuentes Brotantes,Avenida Fuentes Brotantes,14410
Tlalpan,Fuentes del Pedregal,Fuente de La Vida,14140
Tlalpan,Fuentes del Pedregal,Fuente de La Luz,14140
Tlalpan,Fuentes del Pedregal,Fuente de Las Estrellas,14140
Tlalpan,Fuentes del Pedregal,Fuente del Saber,14140
Tlalpan,Fuentes del Pedregal,Fuente del Tesoro,14140
Tlalpan,Fuentes del Pedregal,Fuente del Amor,14140
Tlalpan,Granjas Coapa,Cañaverales,14330
Tlalpan,Granjas Coapa,Cerezos,14330
Tlalpan,Fuentes de Tepepan,Xochitl,14643
Tlalpan,Fuentes de Tepepan,La Tortuga,14643
Tlalpan,Fuentes de Tepepan,Camino Real Al Ajusco,14643
Tlalpan,Fuentes de Tepepan,Tecuantitla,14643
Tlalpan,Fuentes de Tepepan,Fuente El Viejo,14643
Tlalpan,Fuentes de Tepepan,Fuente Liante,14643
Tlalpan,Fuentes de Tepepan,Fuentes Bellas,14643
Tlalpan,Ex Hacienda San Juan de Dios,Belén,14387
Tlalpan,Ex Hacienda San Juan de Dios,Colegio de Minería,14387
Tlalpan,Ex Hacienda San Juan de Dios,Colegio Niñas,14387
Tlalpan,Ex Hacienda San Juan de Dios,Jalpillo,14387
Tlalpan,Ex Hacienda San Juan de Dios,La Rosa,14387
Tlalpan,Ex Hacienda San Juan de Dios,Enseñanza,14387
Tlalpan,Ex Hacienda San Juan de Dios,San Camilo,14387
Tlalpan,El Tianguillo,Lomas del Tianguillo,14735
Tlalpan,El Tianguillo,Calzada la Palma,14735
Tlalpan,El Tianguillo,Calzada de las Flores,14735
Tlalpan,El Tianguillo,Tercera Calzada Monte de las Cruces,14735
Tlalpan,El Tianguillo,Primera Calzada Encino,14735
Tlalpan,Villa Tlalpan,Melchor Ocampo,14630
Tlalpan,Villa Tlalpan,Ejidatarios,14630
Tlalpan,Villa Tlalpan,Antiguo Camino A San Pedro,14630
Tlalpan,Villa Tlalpan,Comuneros,14630
Tlalpan,Vistas del Pedregal,Chabacano,14737
Tlalpan,Vistas del Pedregal,Naranjos,14737
Tlalpan,Vistas del Pedregal,Parcela de Trigo,14737
Tlalpan,Vistas del Pedregal,Capulín,14737
Tlalpan,Vistas del Pedregal,Sabinos,14737
Tlalpan,Vistas del Pedregal,Vista Hermosa,14737
Tlalpan,Vistas del Pedregal,Totolapan,14737
Tlalpan,Vistas del Pedregal,Vistas de Cuilotepec ,14737
Tlalpan,Vistas del Pedregal,Del Maíz,14737
Álvaro Obregón,Desarrollo Urbano,Veracruz,01278
Álvaro Obregón,Desarrollo Urbano,Jalisco,01278
Álvaro Obregón,Desarrollo Urbano,Puebla,01278
Álvaro Obregón,Desarrollo Urbano,Oaxaca,01278
Álvaro Obregón,Desarrollo Urbano,Durango,01278
Álvaro Obregón,Desarrollo Urbano,Nayarit,01278
Álvaro Obregón,Desarrollo Urbano,Yucatán,01278
Álvaro Obregón,Desarrollo Urbano,Michoacán,01278
Álvaro Obregón,El Árbol,Pino,01250
Álvaro Obregón,El Árbol,Pelon Osuna,01250
Álvaro Obregón,El Árbol,Trueno,01250
Álvaro Obregón,El Tejocote,De Las Presas,01270
Álvaro Obregón,El Tejocote,Tejocote,01270
Álvaro Obregón,Florida,Iztaccihuatl,01030
Álvaro Obregón,Florida,Camelia,01030
Álvaro Obregón,Florida,Hortensia,01030
Álvaro Obregón,Florida,Encanto,01030
Álvaro Obregón,Florida,Margaritas,01030
Álvaro Obregón,Florida,Tecoyotitla,01030
Álvaro Obregón,Florida,Vito Alessio Robles,01030
Álvaro Obregón,Golondrinas,Grullas,01270
Álvaro Obregón,Golondrinas,Gaviotas,01270
Álvaro Obregón,Golondrinas,Pingüinos,01270
Álvaro Obregón,Golondrinas,Águilas,01270
Álvaro Obregón,Golondrinas,Guacamaya,01270
Álvaro Obregón,Golondrinas,Quetzal,01270
Álvaro Obregón,Golondrinas,Pericos,01270
Álvaro Obregón,Alcantarilla,Ocotillo,01729
Álvaro Obregón,Alcantarilla,Avenida Toluca,01729
Álvaro Obregón,Ampliación Alpes,Laguna,01710
Álvaro Obregón,Ampliación Alpes,Mar,01710
Álvaro Obregón,Ampliación Alpes,Embocadura,01710
Álvaro Obregón,Ampliación Alpes,Raudal,01710
Álvaro Obregón,Ampliación Alpes,Costa,01710
Álvaro Obregón,El Rincón,Cedros,01590
Álvaro Obregón,Zenón Delgado,Coacota,01220
Álvaro Obregón,Zenón Delgado,Coscapa,01220
Álvaro Obregón,Zenón Delgado,Jáltipan,01220
Álvaro Obregón,Zenón Delgado,Polacos,01220
Gustavo A. Madero,El Risco C.T.M.,Avenida Luis Yuren,07090
Gustavo A. Madero,El Risco C.T.M.,Avenida Enrique Torres Calderón,07090
Gustavo A. Madero,El Risco C.T.M.,Vicente García González ,07090
Gustavo A. Madero,El Risco C.T.M.,Hermilo Heredia,07090
Gustavo A. Madero,El Risco C.T.M.,Roberto Gómez Muñoz,07090
Gustavo A. Madero,Lindavista Norte,Lindavista,07300
Gustavo A. Madero,Lindavista Norte,Sierravista,07300
Gustavo A. Madero,Lindavista Norte,Manizales,07300
Gustavo A. Madero,Lindavista Norte,Quito,07300
Gustavo A. Madero,Lindavista Norte,Matanzas,07300
Gustavo A. Madero,Lindavista Norte,Cinefuegos,07300
Gustavo A. Madero,Lindavista Norte,Cuzco,07300
Gustavo A. Madero,Lindavista Norte,Lima,07300
Gustavo A. Madero,Lindavista Norte,Latacunga,07300
Gustavo A. Madero,Lindavista Norte,Coquimbo,07300
Gustavo A. Madero,Lindavista Norte,Penambuco,07300
Gustavo A. Madero,Lindavista Norte,Callao,07300
Gustavo A. Madero,Lindavista Norte,Cali,07300
Gustavo A. Madero,Lindavista Sur,Piura,07300
Gustavo A. Madero,Lindavista Sur,Eten,07300
Gustavo A. Madero,Lindavista Sur,Recife,07300
Gustavo A. Madero,Lindavista Sur,Natal,07300
Gustavo A. Madero,Lindavista Sur,Payta,07300
Gustavo A. Madero,Lindavista Sur,Trujillo,07300
Gustavo A. Madero,Lindavista Sur,Chosica,07300
Gustavo A. Madero,Nueva Industrial Vallejo,Uranio,07700
Gustavo A. Madero,Lomas de Cuautepec,Everest,07110
Gustavo A. Madero,Lomas de Cuautepec,Fujiyama,07110
Gustavo A. Madero,Lomas de Cuautepec,Popocatépetl,07110
Gustavo A. Madero,Lomas de Cuautepec,Krakatoa,07110
Gustavo A. Madero,Lomas de Cuautepec,Paricutín,07110
Gustavo A. Madero,Martín Carrera,Lombardini,07070
Gustavo A. Madero,Martín Carrera,General Miguel Miramón,07070
Gustavo A. Madero,Martín Carrera,Melchor Muzquiz,07070
Gustavo A. Madero,Martín Carrera,Avenida General Martín Carrera,07070
Gustavo A. Madero,Martín Carrera,José Joaquín Herrera,07070
Gustavo A. Madero,Torres Lindavista,Caracas,07708
Gustavo A. Madero,Torres Lindavista,Cunagua,07708
Gustavo A. Madero,Torres Lindavista,Guantánamo,07708
Gustavo A. Madero,Torres Lindavista,Marianao,07708
Gustavo A. Madero,Torres Lindavista,Sucre Sur,07708
Gustavo A. Madero,Torres Lindavista,Sucre Norte,07708
Gustavo A. Madero,Torres Lindavista,Caravelas,07708
Gustavo A. Madero,Torres Lindavista,Porto Alegre,07708
Gustavo A. Madero,Tepeyac Insurgentes,Avenida Ricarte,07020
Gustavo A. Madero,Tepeyac Insurgentes,Avenida la Fortuna,07020
Gustavo A. Madero,Tepeyac Insurgentes,Montiel,07020
Gustavo A. Madero,Tepeyac Insurgentes,Ticoman,07020
Gustavo A. Madero,Tepeyac Insurgentes,Calle Garrido,07020
Gustavo A. Madero,Tepeyac Insurgentes,Unión,07020
Gustavo A. Madero,Tepeyac Insurgentes,Tenayo,07020
Gustavo A. Madero,Tepeyac Insurgentes,Ancón,07020
Gustavo A. Madero,Tepeyac Insurgentes,Valparaíso,07020
Gustavo A. Madero,Tepeyac Insurgentes,Santiago,07020
Gustavo A. Madero,Tepeyac Insurgentes,Habana,07020
Gustavo A. Madero,Tepeyac Insurgentes,Valparaíso,07020
Gustavo A. Madero,Tepeyac Insurgentes,Santiago,07020
Gustavo A. Madero,Tepeyac Insurgentes,Habana,07020
Tlalpan,Acanceh,Tekit,14714
Tlalpan,Acazacatongo, Acazacatongo,14714
Tlalpan,Acueducto 1ra. Sección,Escollo,14714
Tlalpan,Área de los Venados (La SIREFA),Uxmal,14700
Tlalpan,Arenitas,Granada,14906
Tlalpan,Cañada del Acueducto,Iglesias,14714
Tlalpan,Cansacaballos,Villa Ahumada,14714
Tlalpan,Casa Solar,Loma Bonita,14714
Tlalpan,Arboledas del Sur,Japeto,14376
Tlalpan,Belisario domínguez,Roque Estrada,14310
Tlalpan, Belisario Domínguez Sección XVI,Jardín,14080
Tlalpan,Ex Hacienda Coapa,Carrizal,14308
Tlalpan,Fuentes Brotantes,Avenida Fuentes Brotantes,14410
Tlalpan,Fuentes del Pedregal,Fuente de La Vida,14140
Tlalpan,Fuentes del Pedregal,Fuente de La Luz,14140
Tlalpan,Fuentes del Pedregal,Fuente de Las Estrellas,14140
Tlalpan,Fuentes del Pedregal,Fuente del Saber,14140
Tlalpan,Fuentes del Pedregal,Fuente del Tesoro,14140
Tlalpan,Fuentes del Pedregal,Fuente del Amor,14140
Tlalpan,Granjas Coapa,Cañaverales,14330
Tlalpan,Granjas Coapa,Cerezos,14330
Tlalpan,Fuentes de Tepepan,Xochitl,14643
Tlalpan,Fuentes de Tepepan,La Tortuga,14643
Tlalpan,Fuentes de Tepepan,Camino Real Al Ajusco,14643
Tlalpan,Fuentes de Tepepan,Tecuantitla,14643
Tlalpan,Fuentes de Tepepan,Fuente El Viejo,14643
Tlalpan,Fuentes de Tepepan,Fuente Liante,14643
Tlalpan,Fuentes de Tepepan,Fuentes Bellas,14643
Tlalpan,Ex Hacienda San Juan de Dios,Belén,14387
Tlalpan,Ex Hacienda San Juan de Dios,Colegio de Minería,14387
Tlalpan,Ex Hacienda San Juan de Dios,Colegio Niñas,14387
Tlalpan,Ex Hacienda San Juan de Dios,Jalpillo,14387
Tlalpan,Ex Hacienda San Juan de Dios,La Rosa,14387
Tlalpan,Ex Hacienda San Juan de Dios,Enseñanza,14387
Tlalpan,Ex Hacienda San Juan de Dios,San Camilo,14387
Tlalpan,El Tianguillo,Lomas del Tianguillo,14735
Tlalpan,El Tianguillo,Calzada la Palma,14735
Tlalpan,El Tianguillo,Calzada de las Flores,14735
Tlalpan,El Tianguillo,Tercera Calzada Monte de las Cruces,14735
Tlalpan,El Tianguillo,Primera Calzada Encino,14735
Tlalpan,Villa Tlalpan,Melchor Ocampo,14630
Tlalpan,Villa Tlalpan,Ejidatarios,14630
Tlalpan,Villa Tlalpan,Antiguo Camino A San Pedro,14630
Tlalpan,Villa Tlalpan,Comuneros,14630
Tlalpan,Vistas del Pedregal,Chabacano,14737
Tlalpan,Vistas del Pedregal,Naranjos,14737
Tlalpan,Vistas del Pedregal,Parcela de Trigo,14737
Tlalpan,Vistas del Pedregal,Capulín,14737
Tlalpan,Vistas del Pedregal,Sabinos,14737
Tlalpan,Vistas del Pedregal,Vista Hermosa,14737
Tlalpan,Vistas del Pedregal,Totolapan,14737
Tlalpan,Vistas del Pedregal,Vistas de Cuilotepec ,14737
Tlalpan,Vistas del Pedregal,Del Maíz,14737
Álvaro Obregón,Desarrollo Urbano,Veracruz,01278
Álvaro Obregón,Desarrollo Urbano,Jalisco,01278
Álvaro Obregón,Desarrollo Urbano,Puebla,01278
Álvaro Obregón,Desarrollo Urbano,Oaxaca,01278
Álvaro Obregón,Desarrollo Urbano,Durango,01278
Álvaro Obregón,Desarrollo Urbano,Nayarit,01278
Álvaro Obregón,Desarrollo Urbano,Yucatán,01278
Álvaro Obregón,Desarrollo Urbano,Michoacán,01278
Álvaro Obregón,El Árbol,Pino,01250
Álvaro Obregón,El Árbol,Pelon Osuna,01250
Álvaro Obregón,El Árbol,Trueno,01250
Álvaro Obregón,El Tejocote,De Las Presas,01270
Álvaro Obregón,El Tejocote,Tejocote,01270
Álvaro Obregón,Florida,Iztaccihuatl,01030
Álvaro Obregón,Florida,Camelia,01030
Álvaro Obregón,Florida,Hortensia,01030
Álvaro Obregón,Florida,Encanto,01030
Álvaro Obregón,Florida,Margaritas,01030
Álvaro Obregón,Florida,Tecoyotitla,01030
Álvaro Obregón,Florida,Vito Alessio Robles,01030
Álvaro Obregón,Golondrinas,Grullas,01270
Álvaro Obregón,Golondrinas,Gaviotas,01270
Álvaro Obregón,Golondrinas,Pingüinos,01270
Álvaro Obregón,Golondrinas,Águilas,01270
Álvaro Obregón,Golondrinas,Guacamaya,01270
Álvaro Obregón,Golondrinas,Quetzal,01270
Álvaro Obregón,Golondrinas,Pericos,01270
Álvaro Obregón,Alcantarilla,Ocotillo,01729
Álvaro Obregón,Alcantarilla,Avenida Toluca,01729
Álvaro Obregón,Ampliación Alpes,Laguna,01710
Álvaro Obregón,Ampliación Alpes,Mar,01710
Álvaro Obregón,Ampliación Alpes,Embocadura,01710
Álvaro Obregón,Ampliación Alpes,Raudal,01710
Álvaro Obregón,Ampliación Alpes,Costa,01710
Álvaro Obregón,El Rincón,Cedros,01590
Álvaro Obregón,Zenón Delgado,Coacota,01220
Álvaro Obregón,Zenón Delgado,Coscapa,01220
Álvaro Obregón,Zenón Delgado,Jáltipan,01220
Álvaro Obregón,Zenón Delgado,Polacos,01220
Gustavo A. Madero,El Risco C.T.M.,Avenida Luis Yuren,07090
Gustavo A. Madero,El Risco C.T.M.,Avenida Enrique Torres Calderón,07090
Gustavo A. Madero,El Risco C.T.M.,Vicente García González ,07090
Gustavo A. Madero,El Risco C.T.M.,Hermilo Heredia,07090
Gustavo A. Madero,El Risco C.T.M.,Roberto Gómez Muñoz,07090
Gustavo A. Madero,Lindavista Norte,Lindavista,07300
Gustavo A. Madero,Lindavista Norte,Sierravista,07300
Gustavo A. Madero,Lindavista Norte,Manizales,07300
Gustavo A. Madero,Lindavista Norte,Quito,07300
Gustavo A. Madero,Lindavista Norte,Matanzas,07300
Gustavo A. Madero,Lindavista Norte,Cinefuegos,07300
Gustavo A. Madero,Lindavista Norte,Cuzco,07300
Gustavo A. Madero,Lindavista Norte,Lima,07300
Gustavo A. Madero,Lindavista Norte,Latacunga,07300
Gustavo A. Madero,Lindavista Norte,Coquimbo,07300
Gustavo A. Madero,Lindavista Norte,Penambuco,07300
Gustavo A. Madero,Lindavista Norte,Callao,07300
Gustavo A. Madero,Lindavista Norte,Cali,07300
Gustavo A. Madero,Lindavista Sur,Piura,07300
Gustavo A. Madero,Lindavista Sur,Eten,07300
Gustavo A. Madero,Lindavista Sur,Recife,07300
Gustavo A. Madero,Lindavista Sur,Natal,07300
Gustavo A. Madero,Lindavista Sur,Payta,07300
Gustavo A. Madero,Lindavista Sur,Trujillo,07300
Gustavo A. Madero,Lindavista Sur,Chosica,07300
Gustavo A. Madero,Nueva Industrial Vallejo,Uranio,07700
Gustavo A. Madero,Lomas de Cuautepec,Everest,07110
Gustavo A. Madero,Lomas de Cuautepec,Fujiyama,07110
Gustavo A. Madero,Lomas de Cuautepec,Popocatépetl,07110
Gustavo A. Madero,Lomas de Cuautepec,Krakatoa,07110
Gustavo A. Madero,Lomas de Cuautepec,Paricutín,07110
Gustavo A. Madero,Martín Carrera,Lombardini,07070
Gustavo A. Madero,Martín Carrera,General Miguel Miramón,07070
Gustavo A. Madero,Martín Carrera,Melchor Muzquiz,07070
Gustavo A. Madero,Martín Carrera,Avenida General Martín Carrera,07070
Gustavo A. Madero,Martín Carrera,José Joaquín Herrera,07070
Gustavo A. Madero,Torres Lindavista,Caracas,07708
Gustavo A. Madero,Torres Lindavista,Cunagua,07708
Gustavo A. Madero,Torres Lindavista,Guantánamo,07708
Gustavo A. Madero,Torres Lindavista,Marianao,07708
Gustavo A. Madero,Torres Lindavista,Sucre Sur,07708
Gustavo A. Madero,Torres Lindavista,Sucre Norte,07708
Gustavo A. Madero,Torres Lindavista,Caravelas,07708
Gustavo A. Madero,Torres Lindavista,Porto Alegre,07708
Gustavo A. Madero,Tepeyac Insurgentes,Avenida Ricarte,07020
Gustavo A. Madero,Tepeyac Insurgentes,Avenida la Fortuna,07020
Gustavo A. Madero,Tepeyac Insurgentes,Montiel,07020
Gustavo A. Madero,Tepeyac Insurgentes,Ticoman,07020
Gustavo A. Madero,Tepeyac Insurgentes,Calle Garrido,07020
Gustavo A. Madero,Tepeyac Insurgentes,Unión,07020
Gustavo A. Madero,Tepeyac Insurgentes,Tenayo,07020
Gustavo A. Madero,Tepeyac Insurgentes,Ancón,07020
Gustavo A. Madero,Tepeyac Insurgentes,Valparaíso,07020
Gustavo A. Madero,Tepeyac Insurgentes,Santiago,07020
Gustavo A. Madero,Tepeyac Insurgentes,Habana,07020
Gustavo A. Madero,Tepeyac Insurgentes,Valparaíso,07020
Gustavo A. Madero,Tepeyac Insurgentes,Santiago,07020
Gustavo A. Madero,Tepeyac Insurgentes,Habana,07020
